{
    "color": {
        "background": "#e7e7e7",
        "row": {
            "background": "#e7e7e7"
        },
        "alignCandidate": {
            "fill": "#ffffff",
            "background": "#C5C5C5",
            "stroke": "black"
        },
        "align": {
            "fill": "#999999",
            "stroke": "black"
        },
        "noAlign": {
            "fill": "#ffffff",
            "stroke": "black"
        },
        "scores": {
            "background": "#c5c5c5",
            "p": {
                "background": "gray"
            }
        },
        "alignCandidateSelect": {
            "fill": "#c5ba08",
            "stroke": "black",
            "background": "#C5C5C5"
        },
        "alignSelectNow": {
            "fill": "#c55600",
            "stroke": "black",
            "background": "#C5C5C5"
        },
        "alignSelect": {
            "fill": "#c5332e",
            "stroke": "black",
            "background": "#C5C5C5"
        },
        "align_Detail": {
            "stroke": "black"
        }
    }
}